{"cameraMode":{"drawMode":0,"name":"Shaded","section":"Shading Mode"},"sceneLighting":true,"audioPlay":false,"sceneViewState":{"m_AlwaysRefresh":false,"showFog":true,"showSkybox":true,"showFlares":true,"showImageEffects":true,"showParticleSystems":true,"showVisualEffectGraphs":true,"m_FxEnabled":true},"in2DMode":false,"pivot":{"x":-0.8589039444923401,"y":0.28265446424484255,"z":0.27150169014930727},"rotation":{"x":0.024158919230103494,"y":0.5808609127998352,"z":0.017251672223210336,"w":-0.813467800617218},"size":0.543045699596405,"orthographic":false}